bmnz,ST25NE,The specified key does not exist.
bmnz,ST25NW,The specified key does not exist.
bmnz,ST26NE,The specified key does not exist.
bmnz,ST26SE,The specified key does not exist.
bmnz,ST26SW,The specified key does not exist.
bmnz,ST35NE,The specified key does not exist.
bmnz,ST35NW,The specified key does not exist.
bmnz,ST35SE,The specified key does not exist.
bmnz,ST36NE,The specified key does not exist.
bmnz,ST36NW,The specified key does not exist.
bmnz,ST36SE,The specified key does not exist.
bmnz,ST36SW,The specified key does not exist.
bmnz,ST37NE,The specified key does not exist.
bmnz,ST37SE,The specified key does not exist.
bmnz,ST37SW,The specified key does not exist.
bmnz,ST45NE,The specified key does not exist.
bmnz,ST45NW,The specified key does not exist.
bmnz,ST45SE,The specified key does not exist.
bmnz,ST45SW,The specified key does not exist.
bmnz,ST46NE,The specified key does not exist.
bmnz,ST46NW,The specified key does not exist.
bmnz,ST46SE,The specified key does not exist.
bmnz,ST46SW,The specified key does not exist.
bmnz,ST47NE,The specified key does not exist.
bmnz,ST47NW,The specified key does not exist.
bmnz,ST47SE,The specified key does not exist.
bmnz,ST47SW,The specified key does not exist.
bmnz,ST48NE,The specified key does not exist.
bmnz,ST48SE,The specified key does not exist.
bmnz,ST48SW,The specified key does not exist.
bmnz,ST55NE,The specified key does not exist.
bmnz,ST55NW,The specified key does not exist.
bmnz,ST55SE,The specified key does not exist.
bmnz,ST55SW,The specified key does not exist.
bmnz,ST56NE,The specified key does not exist.
bmnz,ST56NW,The specified key does not exist.
bmnz,ST56SE,The specified key does not exist.
bmnz,ST56SW,The specified key does not exist.
bmnz,ST57NE,The specified key does not exist.
bmnz,ST57NW,The specified key does not exist.
bmnz,ST57SE,The specified key does not exist.
bmnz,ST57SW,The specified key does not exist.
bmnz,ST58NE,The specified key does not exist.
bmnz,ST58NW,The specified key does not exist.
bmnz,ST58SE,The specified key does not exist.
bmnz,ST58SW,The specified key does not exist.
bmnz,ST59NE,The specified key does not exist.
bmnz,ST59SE,The specified key does not exist.
bmnz,ST59SW,The specified key does not exist.
bmnz,ST65NE,The specified key does not exist.
bmnz,ST65NW,The specified key does not exist.
bmnz,ST65SE,The specified key does not exist.
bmnz,ST65SW,The specified key does not exist.
bmnz,ST66NE,The specified key does not exist.
bmnz,ST66NW,The specified key does not exist.
bmnz,ST66SE,The specified key does not exist.
bmnz,ST66SW,The specified key does not exist.
bmnz,ST67NE,The specified key does not exist.
bmnz,ST67NW,The specified key does not exist.
bmnz,ST67SE,The specified key does not exist.
bmnz,ST67SW,The specified key does not exist.
bmnz,ST68NE,The specified key does not exist.
bmnz,ST68NW,The specified key does not exist.
bmnz,ST68SE,The specified key does not exist.
bmnz,ST68SW,The specified key does not exist.
bmnz,ST69NE,The specified key does not exist.
bmnz,ST69NW,The specified key does not exist.
bmnz,ST69SE,The specified key does not exist.
bmnz,ST69SW,The specified key does not exist.
bmnz,ST75NE,The specified key does not exist.
bmnz,ST75NW,The specified key does not exist.
bmnz,ST75SW,The specified key does not exist.
bmnz,ST76NE,The specified key does not exist.
bmnz,ST76NW,The specified key does not exist.
bmnz,ST76SE,The specified key does not exist.
bmnz,ST76SW,The specified key does not exist.
bmnz,ST77NE,The specified key does not exist.
bmnz,ST77NW,The specified key does not exist.
bmnz,ST77SE,The specified key does not exist.
bmnz,ST77SW,The specified key does not exist.
bmnz,ST78NE,The specified key does not exist.
bmnz,ST78NW,The specified key does not exist.
bmnz,ST78SE,The specified key does not exist.
bmnz,ST78SW,The specified key does not exist.
bmnz,ST79SE,The specified key does not exist.
bmnz,ST79SW,The specified key does not exist.
bmnz,ST85NW,The specified key does not exist.
bmnz,ST86NW,The specified key does not exist.
bmnz,ST86SW,The specified key does not exist.
bmnz,ST87NW,The specified key does not exist.
bmnz,ST87SW,The specified key does not exist.
bmnz,ST88NW,The specified key does not exist.
bmnz,ST88SW,The specified key does not exist.
